slip_no,occur_ym,site_name,item_name,collected_qty,unit,category,item_group
ERP-2024-0001,24-Jan,이천,도시가스(LNG),"2,215,384.00",GJ,온실가스,Scope 1
ERP-2024-0002,24-Jan,청주,도시가스(LNG),"1,654,392.00",GJ,온실가스,Scope 1
ERP-2024-0003,24-Jan,분당,도시가스(LNG),"452,381.00",GJ,온실가스,Scope 1
ERP-2024-0004,24-Jan,서울,도시가스(LNG),"231,548.00",GJ,온실가스,Scope 1
ERP-2024-0005,24-Feb,이천,도시가스(LNG),"2,043,815.00",GJ,온실가스,Scope 1
ERP-2024-0006,24-Feb,청주,도시가스(LNG),"1,487,251.00",GJ,온실가스,Scope 1
ERP-2024-0007,24-Feb,분당,도시가스(LNG),"398,415.00",GJ,온실가스,Scope 1
ERP-2024-0008,24-Feb,서울,도시가스(LNG),"194,285.00",GJ,온실가스,Scope 1
ERP-2024-0009,24-Mar,이천,도시가스(LNG),"1,987,541.00",GJ,온실가스,Scope 1
ERP-2024-0010,24-Mar,청주,도시가스(LNG),"1,594,308.00",GJ,온실가스,Scope 1
ERP-2024-0011,24-Mar,분당,도시가스(LNG),"412,397.00",GJ,온실가스,Scope 1
ERP-2024-0012,24-Mar,서울,도시가스(LNG),"205,391.00",GJ,온실가스,Scope 1
ERP-2024-0013,24-Apr,이천,도시가스(LNG),"2,154,962.00",GJ,온실가스,Scope 1
ERP-2024-0014,24-Apr,청주,도시가스(LNG),"1,723,145.00",GJ,온실가스,Scope 1
ERP-2024-0015,24-Apr,분당,도시가스(LNG),"465,214.00",GJ,온실가스,Scope 1
ERP-2024-0016,24-Apr,서울,도시가스(LNG),"241,285.00",GJ,온실가스,Scope 1
ERP-2024-0017,24-May,이천,도시가스(LNG),"1,874,293.00",GJ,온실가스,Scope 1
ERP-2024-0018,24-May,청주,도시가스(LNG),"1,398,542.00",GJ,온실가스,Scope 1
ERP-2024-0019,24-May,분당,도시가스(LNG),"387,492.00",GJ,온실가스,Scope 1
ERP-2024-0020,24-May,서울,도시가스(LNG),"187,493.00",GJ,온실가스,Scope 1
ERP-2024-0021,24-Jun,이천,도시가스(LNG),"2,315,407.00",GJ,온실가스,Scope 1
ERP-2024-0022,24-Jun,청주,도시가스(LNG),"1,684,291.00",GJ,온실가스,Scope 1
ERP-2024-0023,24-Jun,분당,도시가스(LNG),"441,205.00",GJ,온실가스,Scope 1
ERP-2024-0024,24-Jun,서울,도시가스(LNG),"229,415.00",GJ,온실가스,Scope 1
ERP-2024-0025,24-Jul,이천,도시가스(LNG),"1,994,285.00",GJ,온실가스,Scope 1
ERP-2024-0026,24-Jul,청주,도시가스(LNG),"1,512,384.00",GJ,온실가스,Scope 1
ERP-2024-0027,24-Jul,분당,도시가스(LNG),"399,438.00",GJ,온실가스,Scope 1
ERP-2024-0028,24-Jul,서울,도시가스(LNG),"269,860.00",GJ,온실가스,Scope 1
ERP-2024-0029,24-Aug,이천,도시가스(LNG),"2,204,136.00",GJ,온실가스,Scope 1
ERP-2024-0030,24-Aug,청주,도시가스(LNG),"1,643,927.00",GJ,온실가스,Scope 1
ERP-2024-0031,24-Aug,분당,도시가스(LNG),"432,185.00",GJ,온실가스,Scope 1
ERP-2024-0032,24-Aug,서울,도시가스(LNG),"221,354.00",GJ,온실가스,Scope 1
ERP-2024-0033,24-Sep,이천,도시가스(LNG),"1,859,634.00",GJ,온실가스,Scope 1
ERP-2024-0034,24-Sep,청주,도시가스(LNG),"1,428,513.00",GJ,온실가스,Scope 1
ERP-2024-0035,24-Sep,분당,도시가스(LNG),"374,291.00",GJ,온실가스,Scope 1
ERP-2024-0036,24-Sep,서울,도시가스(LNG),"183,927.00",GJ,온실가스,Scope 1
ERP-2024-0037,24-Oct,이천,도시가스(LNG),"1,804,372.00",GJ,온실가스,Scope 1
ERP-2024-0038,24-Oct,청주,도시가스(LNG),"1,695,402.00",GJ,온실가스,Scope 1
ERP-2024-0039,24-Oct,분당,도시가스(LNG),"458,104.00",GJ,온실가스,Scope 1
ERP-2024-0040,24-Oct,서울,도시가스(LNG),"245,108.00",GJ,온실가스,Scope 1
ERP-2024-0041,24-Nov,이천,도시가스(LNG),"1,642,851.00",GJ,온실가스,Scope 1
ERP-2024-0042,24-Nov,청주,도시가스(LNG),"1,534,289.00",GJ,온실가스,Scope 1
ERP-2024-0043,24-Nov,분당,도시가스(LNG),"401,239.00",GJ,온실가스,Scope 1
ERP-2024-0044,24-Nov,서울,도시가스(LNG),"201,239.00",GJ,온실가스,Scope 1
ERP-2024-0045,24-Dec,이천,도시가스(LNG),"1,945,389.00",GJ,온실가스,Scope 1
ERP-2024-0046,24-Dec,청주,도시가스(LNG),"1,759,614.00",GJ,온실가스,Scope 1
ERP-2024-0047,24-Dec,분당,도시가스(LNG),"463,952.00",GJ,온실가스,Scope 1
ERP-2024-0048,24-Dec,서울,도시가스(LNG),"177,345.00",GJ,온실가스,Scope 1
ERP-2024-0049,24-Jan,이천,휘발유/경유,"1,512.00",GJ,온실가스,Scope 1
ERP-2024-0050,24-Jan,청주,휘발유/경유,"1,124.00",GJ,온실가스,Scope 1
ERP-2024-0051,24-Jan,분당,휘발유/경유,154,GJ,온실가스,Scope 1
ERP-2024-0052,24-Jan,서울,휘발유/경유,124,GJ,온실가스,Scope 1
ERP-2024-0053,24-Feb,이천,휘발유/경유,"1,384.00",GJ,온실가스,Scope 1
ERP-2024-0054,24-Feb,청주,휘발유/경유,"1,015.00",GJ,온실가스,Scope 1
ERP-2024-0055,24-Feb,분당,휘발유/경유,132,GJ,온실가스,Scope 1
ERP-2024-0056,24-Feb,서울,휘발유/경유,145,GJ,온실가스,Scope 1
ERP-2024-0057,24-Mar,이천,휘발유/경유,"1,295.00",GJ,온실가스,Scope 1
ERP-2024-0058,24-Mar,청주,휘발유/경유,"1,098.00",GJ,온실가스,Scope 1
ERP-2024-0059,24-Mar,분당,휘발유/경유,141,GJ,온실가스,Scope 1
ERP-2024-0060,24-Mar,서울,휘발유/경유,112,GJ,온실가스,Scope 1
ERP-2024-0061,24-Apr,이천,휘발유/경유,"1,462.00",GJ,온실가스,Scope 1
ERP-2024-0062,24-Apr,청주,휘발유/경유,"1,214.00",GJ,온실가스,Scope 1
ERP-2024-0063,24-Apr,분당,휘발유/경유,159,GJ,온실가스,Scope 1
ERP-2024-0064,24-Apr,서울,휘발유/경유,134,GJ,온실가스,Scope 1
ERP-2024-0065,24-May,이천,휘발유/경유,"1,184.00",GJ,온실가스,Scope 1
ERP-2024-0066,24-May,청주,휘발유/경유,"1,742.00",GJ,온실가스,Scope 1
ERP-2024-0067,24-May,분당,휘발유/경유,121,GJ,온실가스,Scope 1
ERP-2024-0068,24-May,서울,휘발유/경유,98,GJ,온실가스,Scope 1
ERP-2024-0069,24-Jun,이천,휘발유/경유,"1,592.00",GJ,온실가스,Scope 1
ERP-2024-0070,24-Jun,청주,휘발유/경유,"1,765.00",GJ,온실가스,Scope 1
ERP-2024-0071,24-Jun,분당,휘발유/경유,164,GJ,온실가스,Scope 1
ERP-2024-0072,24-Jun,서울,휘발유/경유,154,GJ,온실가스,Scope 1
ERP-2024-0073,24-Jul,이천,휘발유/경유,"1,341.00",GJ,온실가스,Scope 1
ERP-2024-0074,24-Jul,청주,휘발유/경유,"1,534.00",GJ,온실가스,Scope 1
ERP-2024-0075,24-Jul,분당,휘발유/경유,139,GJ,온실가스,Scope 1
ERP-2024-0076,24-Jul,서울,휘발유/경유,114,GJ,온실가스,Scope 1
ERP-2024-0077,24-Aug,이천,휘발유/경유,"1,498.00",GJ,온실가스,Scope 1
ERP-2024-0078,24-Aug,청주,휘발유/경유,"1,642.00",GJ,온실가스,Scope 1
ERP-2024-0079,24-Aug,분당,휘발유/경유,151,GJ,온실가스,Scope 1
ERP-2024-0080,24-Aug,서울,휘발유/경유,121,GJ,온실가스,Scope 1
ERP-2024-0081,24-Sep,이천,휘발유/경유,"1,205.00",GJ,온실가스,Scope 1
ERP-2024-0082,24-Sep,청주,휘발유/경유,"1,475.00",GJ,온실가스,Scope 1
ERP-2024-0083,24-Sep,분당,휘발유/경유,118,GJ,온실가스,Scope 1
ERP-2024-0084,24-Sep,서울,휘발유/경유,162,GJ,온실가스,Scope 1
ERP-2024-0085,24-Oct,이천,휘발유/경유,"1,412.00",GJ,온실가스,Scope 1
ERP-2024-0086,24-Oct,청주,휘발유/경유,"1,789.00",GJ,온실가스,Scope 1
ERP-2024-0087,24-Oct,분당,휘발유/경유,156,GJ,온실가스,Scope 1
ERP-2024-0088,24-Oct,서울,휘발유/경유,138,GJ,온실가스,Scope 1
ERP-2024-0089,24-Nov,이천,휘발유/경유,"1,485.00",GJ,온실가스,Scope 1
ERP-2024-0090,24-Nov,청주,휘발유/경유,"1,752.00",GJ,온실가스,Scope 1
ERP-2024-0091,24-Nov,분당,휘발유/경유,135,GJ,온실가스,Scope 1
ERP-2024-0092,24-Nov,서울,휘발유/경유,115,GJ,온실가스,Scope 1
ERP-2024-0093,24-Dec,이천,휘발유/경유,"1,534.00",GJ,온실가스,Scope 1
ERP-2024-0094,24-Dec,청주,휘발유/경유,"1,641.00",GJ,온실가스,Scope 1
ERP-2024-0095,24-Dec,분당,휘발유/경유,162,GJ,온실가스,Scope 1
ERP-2024-0096,24-Dec,서울,휘발유/경유,127,GJ,온실가스,Scope 1
ERP-2024-0097,24-Jan,이천,SF6,"2,215.00",kg,온실가스,Scope 1
ERP-2024-0098,24-Jan,청주,SF6,"2,154.00",kg,온실가스,Scope 1
ERP-2024-0099,24-Jan,분당,SF6,0,kg,온실가스,Scope 1
ERP-2024-0100,24-Jan,서울,SF6,0,kg,온실가스,Scope 1
ERP-2024-0101,24-Feb,이천,SF6,"2,043.00",kg,온실가스,Scope 1
ERP-2024-0102,24-Feb,청주,SF6,"1,887.00",kg,온실가스,Scope 1
ERP-2024-0103,24-Feb,분당,SF6,0,kg,온실가스,Scope 1
ERP-2024-0104,24-Feb,서울,SF6,0,kg,온실가스,Scope 1
ERP-2024-0105,24-Mar,이천,SF6,"1,987.00",kg,온실가스,Scope 1
ERP-2024-0106,24-Mar,청주,SF6,"1,994.00",kg,온실가스,Scope 1
ERP-2024-0107,24-Mar,분당,SF6,0,kg,온실가스,Scope 1
ERP-2024-0108,24-Mar,서울,SF6,0,kg,온실가스,Scope 1
ERP-2024-0109,24-Apr,이천,SF6,"2,154.00",kg,온실가스,Scope 1
ERP-2024-0110,24-Apr,청주,SF6,"2,123.00",kg,온실가스,Scope 1
ERP-2024-0111,24-Apr,분당,SF6,0,kg,온실가스,Scope 1
ERP-2024-0112,24-Apr,서울,SF6,0,kg,온실가스,Scope 1
ERP-2024-0113,24-May,이천,SF6,"1,874.00",kg,온실가스,Scope 1
ERP-2024-0114,24-May,청주,SF6,"1,798.00",kg,온실가스,Scope 1
ERP-2024-0115,24-May,분당,SF6,0,kg,온실가스,Scope 1
ERP-2024-0116,24-May,서울,SF6,0,kg,온실가스,Scope 1
ERP-2024-0117,24-Jun,이천,SF6,"2,315.00",kg,온실가스,Scope 1
ERP-2024-0118,24-Jun,청주,SF6,"2,084.00",kg,온실가스,Scope 1
ERP-2024-0119,24-Jun,분당,SF6,0,kg,온실가스,Scope 1
ERP-2024-0120,24-Jun,서울,SF6,0,kg,온실가스,Scope 1
ERP-2024-0121,24-Jul,이천,SF6,"1,994.00",kg,온실가스,Scope 1
ERP-2024-0122,24-Jul,청주,SF6,"1,912.00",kg,온실가스,Scope 1
ERP-2024-0123,24-Jul,분당,SF6,0,kg,온실가스,Scope 1
ERP-2024-0124,24-Jul,서울,SF6,0,kg,온실가스,Scope 1
ERP-2024-0125,24-Aug,이천,SF6,"2,204.00",kg,온실가스,Scope 1
ERP-2024-0126,24-Aug,청주,SF6,"2,043.00",kg,온실가스,Scope 1
ERP-2024-0127,24-Aug,분당,SF6,0,kg,온실가스,Scope 1
ERP-2024-0128,24-Aug,서울,SF6,0,kg,온실가스,Scope 1
ERP-2024-0129,24-Sep,이천,SF6,"1,859.00",kg,온실가스,Scope 1
ERP-2024-0130,24-Sep,청주,SF6,"1,779.00",kg,온실가스,Scope 1
ERP-2024-0131,24-Sep,분당,SF6,0,kg,온실가스,Scope 1
ERP-2024-0132,24-Sep,서울,SF6,0,kg,온실가스,Scope 1
ERP-2024-0133,24-Oct,이천,SF6,"1,904.00",kg,온실가스,Scope 1
ERP-2024-0134,24-Oct,청주,SF6,"1,895.00",kg,온실가스,Scope 1
ERP-2024-0135,24-Oct,분당,SF6,0,kg,온실가스,Scope 1
ERP-2024-0136,24-Oct,서울,SF6,0,kg,온실가스,Scope 1
ERP-2024-0137,24-Nov,이천,SF6,"1,942.00",kg,온실가스,Scope 1
ERP-2024-0138,24-Nov,청주,SF6,"1,934.00",kg,온실가스,Scope 1
ERP-2024-0139,24-Nov,분당,SF6,0,kg,온실가스,Scope 1
ERP-2024-0140,24-Nov,서울,SF6,0,kg,온실가스,Scope 1
ERP-2024-0141,24-Dec,이천,SF6,"2,045.00",kg,온실가스,Scope 1
ERP-2024-0142,24-Dec,청주,SF6,"1,959.00",kg,온실가스,Scope 1
ERP-2024-0143,24-Dec,분당,SF6,0,kg,온실가스,Scope 1
ERP-2024-0144,24-Dec,서울,SF6,0,kg,온실가스,Scope 1
ERP-2024-0145,24-Jan,이천,NF3,"41,523.00",tCO2eq,온실가스,Scope 1
ERP-2024-0146,24-Jan,청주,NF3,"38,124.00",tCO2eq,온실가스,Scope 1
ERP-2024-0147,24-Jan,분당,NF3,0,tCO2eq,온실가스,Scope 1
ERP-2024-0148,24-Jan,서울,NF3,0,tCO2eq,온실가스,Scope 1
ERP-2024-0149,24-Feb,이천,NF3,"39,841.00",tCO2eq,온실가스,Scope 1
ERP-2024-0150,24-Feb,청주,NF3,"35,015.00",tCO2eq,온실가스,Scope 1
ERP-2024-0151,24-Feb,분당,NF3,0,tCO2eq,온실가스,Scope 1
ERP-2024-0152,24-Feb,서울,NF3,0,tCO2eq,온실가스,Scope 1
ERP-2024-0153,24-Mar,이천,NF3,"37,295.00",tCO2eq,온실가스,Scope 1
ERP-2024-0154,24-Mar,청주,NF3,"36,098.00",tCO2eq,온실가스,Scope 1
ERP-2024-0155,24-Mar,분당,NF3,0,tCO2eq,온실가스,Scope 1
ERP-2024-0156,24-Mar,서울,NF3,0,tCO2eq,온실가스,Scope 1
ERP-2024-0157,24-Apr,이천,NF3,"42,154.00",tCO2eq,온실가스,Scope 1
ERP-2024-0158,24-Apr,청주,NF3,"39,214.00",tCO2eq,온실가스,Scope 1
ERP-2024-0159,24-Apr,분당,NF3,0,tCO2eq,온실가스,Scope 1
ERP-2024-0160,24-Apr,서울,NF3,0,tCO2eq,온실가스,Scope 1
ERP-2024-0161,24-May,이천,NF3,"35,874.00",tCO2eq,온실가스,Scope 1
ERP-2024-0162,24-May,청주,NF3,"36,942.00",tCO2eq,온실가스,Scope 1
ERP-2024-0163,24-May,분당,NF3,0,tCO2eq,온실가스,Scope 1
ERP-2024-0164,24-May,서울,NF3,0,tCO2eq,온실가스,Scope 1
ERP-2024-0165,24-Jun,이천,NF3,"44,159.00",tCO2eq,온실가스,Scope 1
ERP-2024-0166,24-Jun,청주,NF3,"38,165.00",tCO2eq,온실가스,Scope 1
ERP-2024-0167,24-Jun,분당,NF3,0,tCO2eq,온실가스,Scope 1
ERP-2024-0168,24-Jun,서울,NF3,0,tCO2eq,온실가스,Scope 1
ERP-2024-0169,24-Jul,이천,NF3,"38,341.00",tCO2eq,온실가스,Scope 1
ERP-2024-0170,24-Jul,청주,NF3,"34,034.00",tCO2eq,온실가스,Scope 1
ERP-2024-0171,24-Jul,분당,NF3,0,tCO2eq,온실가스,Scope 1
ERP-2024-0172,24-Jul,서울,NF3,0,tCO2eq,온실가스,Scope 1
ERP-2024-0173,24-Aug,이천,NF3,"41,498.00",tCO2eq,온실가스,Scope 1
ERP-2024-0174,24-Aug,청주,NF3,"37,142.00",tCO2eq,온실가스,Scope 1
ERP-2024-0175,24-Aug,분당,NF3,0,tCO2eq,온실가스,Scope 1
ERP-2024-0176,24-Aug,서울,NF3,0,tCO2eq,온실가스,Scope 1
ERP-2024-0177,24-Sep,이천,NF3,"36,205.00",tCO2eq,온실가스,Scope 1
ERP-2024-0178,24-Sep,청주,NF3,"34,954.00",tCO2eq,온실가스,Scope 1
ERP-2024-0179,24-Sep,분당,NF3,0,tCO2eq,온실가스,Scope 1
ERP-2024-0180,24-Sep,서울,NF3,0,tCO2eq,온실가스,Scope 1
ERP-2024-0181,24-Oct,이천,NF3,"40,412.00",tCO2eq,온실가스,Scope 1
ERP-2024-0182,24-Oct,청주,NF3,"39,189.00",tCO2eq,온실가스,Scope 1
ERP-2024-0183,24-Oct,분당,NF3,0,tCO2eq,온실가스,Scope 1
ERP-2024-0184,24-Oct,서울,NF3,0,tCO2eq,온실가스,Scope 1
ERP-2024-0185,24-Nov,이천,NF3,"37,285.00",tCO2eq,온실가스,Scope 1
ERP-2024-0186,24-Nov,청주,NF3,"34,052.00",tCO2eq,온실가스,Scope 1
ERP-2024-0187,24-Nov,분당,NF3,0,tCO2eq,온실가스,Scope 1
ERP-2024-0188,24-Nov,서울,NF3,0,tCO2eq,온실가스,Scope 1
ERP-2024-0189,24-Dec,이천,NF3,"42,534.00",tCO2eq,온실가스,Scope 1
ERP-2024-0190,24-Dec,청주,NF3,"43,205.00",tCO2eq,온실가스,Scope 1
ERP-2024-0191,24-Dec,분당,NF3,0,tCO2eq,온실가스,Scope 1
ERP-2024-0192,24-Dec,서울,NF3,0,tCO2eq,온실가스,Scope 1
ERP-2024-0193,24-Jan,이천,PFCs,"7,154.00",tCO2eq,온실가스,Scope 1
ERP-2024-0194,24-Jan,청주,PFCs,"7,280.00",tCO2eq,온실가스,Scope 1
ERP-2024-0195,24-Jan,분당,PFCs,0,tCO2eq,온실가스,Scope 1
ERP-2024-0196,24-Jan,서울,PFCs,0,tCO2eq,온실가스,Scope 1
ERP-2024-0197,24-Feb,이천,PFCs,"6,942.00",tCO2eq,온실가스,Scope 1
ERP-2024-0198,24-Feb,청주,PFCs,"7,351.00",tCO2eq,온실가스,Scope 1
ERP-2024-0199,24-Feb,분당,PFCs,0,tCO2eq,온실가스,Scope 1
ERP-2024-0200,24-Feb,서울,PFCs,0,tCO2eq,온실가스,Scope 1
ERP-2024-0201,24-Mar,이천,PFCs,"7,411.00",tCO2eq,온실가스,Scope 1
ERP-2024-0202,24-Mar,청주,PFCs,"7,420.00",tCO2eq,온실가스,Scope 1
ERP-2024-0203,24-Mar,분당,PFCs,0,tCO2eq,온실가스,Scope 1
ERP-2024-0204,24-Mar,서울,PFCs,0,tCO2eq,온실가스,Scope 1
ERP-2024-0205,24-Apr,이천,PFCs,"6,884.00",tCO2eq,온실가스,Scope 1
ERP-2024-0206,24-Apr,청주,PFCs,"7,215.00",tCO2eq,온실가스,Scope 1
ERP-2024-0207,24-Apr,분당,PFCs,0,tCO2eq,온실가스,Scope 1
ERP-2024-0208,24-Apr,서울,PFCs,0,tCO2eq,온실가스,Scope 1
ERP-2024-0209,24-May,이천,PFCs,"7,073.00",tCO2eq,온실가스,Scope 1
ERP-2024-0210,24-May,청주,PFCs,"7,392.00",tCO2eq,온실가스,Scope 1
ERP-2024-0211,24-May,분당,PFCs,0,tCO2eq,온실가스,Scope 1
ERP-2024-0212,24-May,서울,PFCs,0,tCO2eq,온실가스,Scope 1
ERP-2024-0213,24-Jun,이천,PFCs,"6,916.00",tCO2eq,온실가스,Scope 1
ERP-2024-0214,24-Jun,청주,PFCs,"7,247.00",tCO2eq,온실가스,Scope 1
ERP-2024-0215,24-Jun,분당,PFCs,0,tCO2eq,온실가스,Scope 1
ERP-2024-0216,24-Jun,서울,PFCs,0,tCO2eq,온실가스,Scope 1
ERP-2024-0217,24-Jul,이천,PFCs,"7,105.00",tCO2eq,온실가스,Scope 1
ERP-2024-0218,24-Jul,청주,PFCs,"7,318.00",tCO2eq,온실가스,Scope 1
ERP-2024-0219,24-Jul,분당,PFCs,0,tCO2eq,온실가스,Scope 1
ERP-2024-0220,24-Jul,서울,PFCs,0,tCO2eq,온실가스,Scope 1
ERP-2024-0221,24-Aug,이천,PFCs,"6,979.00",tCO2eq,온실가스,Scope 1
ERP-2024-0222,24-Aug,청주,PFCs,"7,463.00",tCO2eq,온실가스,Scope 1
ERP-2024-0223,24-Aug,분당,PFCs,0,tCO2eq,온실가스,Scope 1
ERP-2024-0224,24-Aug,서울,PFCs,0,tCO2eq,온실가스,Scope 1
ERP-2024-0225,24-Sep,이천,PFCs,"6,852.00",tCO2eq,온실가스,Scope 1
ERP-2024-0226,24-Sep,청주,PFCs,"7,186.00",tCO2eq,온실가스,Scope 1
ERP-2024-0227,24-Sep,분당,PFCs,0,tCO2eq,온실가스,Scope 1
ERP-2024-0228,24-Sep,서울,PFCs,0,tCO2eq,온실가스,Scope 1
ERP-2024-0229,24-Oct,이천,PFCs,"7,041.00",tCO2eq,온실가스,Scope 1
ERP-2024-0230,24-Oct,청주,PFCs,"7,374.00",tCO2eq,온실가스,Scope 1
ERP-2024-0231,24-Oct,분당,PFCs,0,tCO2eq,온실가스,Scope 1
ERP-2024-0232,24-Oct,서울,PFCs,0,tCO2eq,온실가스,Scope 1
ERP-2024-0233,24-Nov,이천,PFCs,"6,960.00",tCO2eq,온실가스,Scope 1
ERP-2024-0234,24-Nov,청주,PFCs,"7,230.00",tCO2eq,온실가스,Scope 1
ERP-2024-0235,24-Nov,분당,PFCs,0,tCO2eq,온실가스,Scope 1
ERP-2024-0236,24-Nov,서울,PFCs,0,tCO2eq,온실가스,Scope 1
ERP-2024-0237,24-Dec,이천,PFCs,"7,115.00",tCO2eq,온실가스,Scope 1
ERP-2024-0238,24-Dec,청주,PFCs,"6,885.00",tCO2eq,온실가스,Scope 1
ERP-2024-0239,24-Dec,분당,PFCs,0,tCO2eq,온실가스,Scope 1
ERP-2024-0240,24-Dec,서울,PFCs,0,tCO2eq,온실가스,Scope 1
ERP-2024-0241,24-Jan,이천,N2O,"1,154.00",tCO2eq,온실가스,Scope 1
ERP-2024-0242,24-Jan,청주,N2O,"1,080.00",tCO2eq,온실가스,Scope 1
ERP-2024-0243,24-Jan,분당,N2O,0,tCO2eq,온실가스,Scope 1
ERP-2024-0244,24-Jan,서울,N2O,0,tCO2eq,온실가스,Scope 1
ERP-2024-0245,24-Feb,이천,N2O,942,tCO2eq,온실가스,Scope 1
ERP-2024-0246,24-Feb,청주,N2O,"1,351.00",tCO2eq,온실가스,Scope 1
ERP-2024-0247,24-Feb,분당,N2O,0,tCO2eq,온실가스,Scope 1
ERP-2024-0248,24-Feb,서울,N2O,0,tCO2eq,온실가스,Scope 1
ERP-2024-0249,24-Mar,이천,N2O,"1,011.00",tCO2eq,온실가스,Scope 1
ERP-2024-0250,24-Mar,청주,N2O,"1,420.00",tCO2eq,온실가스,Scope 1
ERP-2024-0251,24-Mar,분당,N2O,0,tCO2eq,온실가스,Scope 1
ERP-2024-0252,24-Mar,서울,N2O,0,tCO2eq,온실가스,Scope 1
ERP-2024-0253,24-Apr,이천,N2O,884,tCO2eq,온실가스,Scope 1
ERP-2024-0254,24-Apr,청주,N2O,"1,215.00",tCO2eq,온실가스,Scope 1
ERP-2024-0255,24-Apr,분당,N2O,0,tCO2eq,온실가스,Scope 1
ERP-2024-0256,24-Apr,서울,N2O,0,tCO2eq,온실가스,Scope 1
ERP-2024-0257,24-May,이천,N2O,"1,073.00",tCO2eq,온실가스,Scope 1
ERP-2024-0258,24-May,청주,N2O,992,tCO2eq,온실가스,Scope 1
ERP-2024-0259,24-May,분당,N2O,0,tCO2eq,온실가스,Scope 1
ERP-2024-0260,24-May,서울,N2O,0,tCO2eq,온실가스,Scope 1
ERP-2024-0261,24-Jun,이천,N2O,916,tCO2eq,온실가스,Scope 1
ERP-2024-0262,24-Jun,청주,N2O,"1,247.00",tCO2eq,온실가스,Scope 1
ERP-2024-0263,24-Jun,분당,N2O,0,tCO2eq,온실가스,Scope 1
ERP-2024-0264,24-Jun,서울,N2O,0,tCO2eq,온실가스,Scope 1
ERP-2024-0265,24-Jul,이천,N2O,"1,105.00",tCO2eq,온실가스,Scope 1
ERP-2024-0266,24-Jul,청주,N2O,"1,318.00",tCO2eq,온실가스,Scope 1
ERP-2024-0267,24-Jul,분당,N2O,0,tCO2eq,온실가스,Scope 1
ERP-2024-0268,24-Jul,서울,N2O,0,tCO2eq,온실가스,Scope 1
ERP-2024-0269,24-Aug,이천,N2O,979,tCO2eq,온실가스,Scope 1
ERP-2024-0270,24-Aug,청주,N2O,"1,463.00",tCO2eq,온실가스,Scope 1
ERP-2024-0271,24-Aug,분당,N2O,0,tCO2eq,온실가스,Scope 1
ERP-2024-0272,24-Aug,서울,N2O,0,tCO2eq,온실가스,Scope 1
ERP-2024-0273,24-Sep,이천,N2O,852,tCO2eq,온실가스,Scope 1
ERP-2024-0274,24-Sep,청주,N2O,"1,186.00",tCO2eq,온실가스,Scope 1
ERP-2024-0275,24-Sep,분당,N2O,0,tCO2eq,온실가스,Scope 1
ERP-2024-0276,24-Sep,서울,N2O,0,tCO2eq,온실가스,Scope 1
ERP-2024-0277,24-Oct,이천,N2O,"1,041.00",tCO2eq,온실가스,Scope 1
ERP-2024-0278,24-Oct,청주,N2O,"1,255.00",tCO2eq,온실가스,Scope 1
ERP-2024-0279,24-Oct,분당,N2O,0,tCO2eq,온실가스,Scope 1
ERP-2024-0280,24-Oct,서울,N2O,0,tCO2eq,온실가스,Scope 1
ERP-2024-0281,24-Nov,이천,N2O,960,tCO2eq,온실가스,Scope 1
ERP-2024-0282,24-Nov,청주,N2O,"1,230.00",tCO2eq,온실가스,Scope 1
ERP-2024-0283,24-Nov,분당,N2O,0,tCO2eq,온실가스,Scope 1
ERP-2024-0284,24-Nov,서울,N2O,0,tCO2eq,온실가스,Scope 1
ERP-2024-0285,24-Dec,이천,N2O,"1,115.00",tCO2eq,온실가스,Scope 1
ERP-2024-0286,24-Dec,청주,N2O,"1,091.00",tCO2eq,온실가스,Scope 1
ERP-2024-0287,24-Dec,분당,N2O,0,tCO2eq,온실가스,Scope 1
ERP-2024-0288,24-Dec,서울,N2O,0,tCO2eq,온실가스,Scope 1
ERP-2024-0289,24-Jan,이천,HFCs (CHF3),"2,215.00",kg,온실가스,Scope 1
ERP-2024-0290,24-Jan,청주,HFCs (CHF3),"2,480.00",kg,온실가스,Scope 1
ERP-2024-0291,24-Jan,분당,HFCs (CHF3),0,kg,온실가스,Scope 1
ERP-2024-0292,24-Jan,서울,HFCs (CHF3),0,kg,온실가스,Scope 1
ERP-2024-0293,24-Feb,이천,HFCs (CHF3),"2,198.00",kg,온실가스,Scope 1
ERP-2024-0294,24-Feb,청주,HFCs (CHF3),"2,551.00",kg,온실가스,Scope 1
ERP-2024-0295,24-Feb,분당,HFCs (CHF3),0,kg,온실가스,Scope 1
ERP-2024-0296,24-Feb,서울,HFCs (CHF3),0,kg,온실가스,Scope 1
ERP-2024-0297,24-Mar,이천,HFCs (CHF3),"2,111.00",kg,온실가스,Scope 1
ERP-2024-0298,24-Mar,청주,HFCs (CHF3),"2,620.00",kg,온실가스,Scope 1
ERP-2024-0299,24-Mar,분당,HFCs (CHF3),0,kg,온실가스,Scope 1
ERP-2024-0300,24-Mar,서울,HFCs (CHF3),0,kg,온실가스,Scope 1
ERP-2024-0301,24-Apr,이천,HFCs (CHF3),"1,984.00",kg,온실가스,Scope 1
ERP-2024-0302,24-Apr,청주,HFCs (CHF3),"2,315.00",kg,온실가스,Scope 1
ERP-2024-0303,24-Apr,분당,HFCs (CHF3),0,kg,온실가스,Scope 1
ERP-2024-0304,24-Apr,서울,HFCs (CHF3),0,kg,온실가스,Scope 1
ERP-2024-0305,24-May,이천,HFCs (CHF3),"2,173.00",kg,온실가스,Scope 1
ERP-2024-0306,24-May,청주,HFCs (CHF3),"2,492.00",kg,온실가스,Scope 1
ERP-2024-0307,24-May,분당,HFCs (CHF3),0,kg,온실가스,Scope 1
ERP-2024-0308,24-May,서울,HFCs (CHF3),0,kg,온실가스,Scope 1
ERP-2024-0309,24-Jun,이천,HFCs (CHF3),"2,016.00",kg,온실가스,Scope 1
ERP-2024-0310,24-Jun,청주,HFCs (CHF3),"2,347.00",kg,온실가스,Scope 1
ERP-2024-0311,24-Jun,분당,HFCs (CHF3),0,kg,온실가스,Scope 1
ERP-2024-0312,24-Jun,서울,HFCs (CHF3),0,kg,온실가스,Scope 1
ERP-2024-0313,24-Jul,이천,HFCs (CHF3),"2,205.00",kg,온실가스,Scope 1
ERP-2024-0314,24-Jul,청주,HFCs (CHF3),"2,418.00",kg,온실가스,Scope 1
ERP-2024-0315,24-Jul,분당,HFCs (CHF3),0,kg,온실가스,Scope 1
ERP-2024-0316,24-Jul,서울,HFCs (CHF3),0,kg,온실가스,Scope 1
ERP-2024-0317,24-Aug,이천,HFCs (CHF3),"2,179.00",kg,온실가스,Scope 1
ERP-2024-0318,24-Aug,청주,HFCs (CHF3),"2,563.00",kg,온실가스,Scope 1
ERP-2024-0319,24-Aug,분당,HFCs (CHF3),0,kg,온실가스,Scope 1
ERP-2024-0320,24-Aug,서울,HFCs (CHF3),0,kg,온실가스,Scope 1
ERP-2024-0321,24-Sep,이천,HFCs (CHF3),"1,952.00",kg,온실가스,Scope 1
ERP-2024-0322,24-Sep,청주,HFCs (CHF3),"2,286.00",kg,온실가스,Scope 1
ERP-2024-0323,24-Sep,분당,HFCs (CHF3),0,kg,온실가스,Scope 1
ERP-2024-0324,24-Sep,서울,HFCs (CHF3),0,kg,온실가스,Scope 1
ERP-2024-0325,24-Oct,이천,HFCs (CHF3),"2,141.00",kg,온실가스,Scope 1
ERP-2024-0326,24-Oct,청주,HFCs (CHF3),"2,474.00",kg,온실가스,Scope 1
ERP-2024-0327,24-Oct,분당,HFCs (CHF3),0,kg,온실가스,Scope 1
ERP-2024-0328,24-Oct,서울,HFCs (CHF3),0,kg,온실가스,Scope 1
ERP-2024-0329,24-Nov,이천,HFCs (CHF3),"2,060.00",kg,온실가스,Scope 1
ERP-2024-0330,24-Nov,청주,HFCs (CHF3),"2,330.00",kg,온실가스,Scope 1
ERP-2024-0331,24-Nov,분당,HFCs (CHF3),0,kg,온실가스,Scope 1
ERP-2024-0332,24-Nov,서울,HFCs (CHF3),0,kg,온실가스,Scope 1
ERP-2024-0333,24-Dec,이천,HFCs (CHF3),"2,217.00",kg,온실가스,Scope 1
ERP-2024-0334,24-Dec,청주,HFCs (CHF3),"2,315.00",kg,온실가스,Scope 1
ERP-2024-0335,24-Dec,분당,HFCs (CHF3),0,kg,온실가스,Scope 1
ERP-2024-0336,24-Dec,서울,HFCs (CHF3),0,kg,온실가스,Scope 1
ERP-2024-0337,24-Jan,이천,폐수 방류량,"2,525.40",천 m3,온실가스,Scope 1
ERP-2024-0338,24-Jan,청주,폐수 방류량,"3,502.50",천 m3,온실가스,Scope 1
ERP-2024-0339,24-Jan,분당,폐수 방류량,290.4,천 m3,온실가스,Scope 1
ERP-2024-0340,24-Jan,서울,폐수 방류량,200,천 m3,온실가스,Scope 1
ERP-2024-0341,24-Feb,이천,폐수 방류량,"2,572.80",천 m3,온실가스,Scope 1
ERP-2024-0342,24-Feb,청주,폐수 방류량,"3,775.00",천 m3,온실가스,Scope 1
ERP-2024-0343,24-Feb,분당,폐수 방류량,165.4,천 m3,온실가스,Scope 1
ERP-2024-0344,24-Feb,서울,폐수 방류량,303.5,천 m3,온실가스,Scope 1
ERP-2024-0345,24-Mar,이천,폐수 방류량,"3,580.00",천 m3,온실가스,Scope 1
ERP-2024-0346,24-Mar,청주,폐수 방류량,"9,206.60",천 m3,온실가스,Scope 1
ERP-2024-0347,24-Mar,분당,폐수 방류량,298.6,천 m3,온실가스,Scope 1
ERP-2024-0348,24-Mar,서울,폐수 방류량,195.5,천 m3,온실가스,Scope 1
ERP-2024-0349,24-Apr,이천,폐수 방류량,"3,921.30",천 m3,온실가스,Scope 1
ERP-2024-0350,24-Apr,청주,폐수 방류량,"3,016.70",천 m3,온실가스,Scope 1
ERP-2024-0351,24-Apr,분당,폐수 방류량,440,천 m3,온실가스,Scope 1
ERP-2024-0352,24-Apr,서울,폐수 방류량,206.6,천 m3,온실가스,Scope 1
ERP-2024-0353,24-May,이천,폐수 방류량,"3,613.80",천 m3,온실가스,Scope 1
ERP-2024-0354,24-May,청주,폐수 방류량,"3,452.20",천 m3,온실가스,Scope 1
ERP-2024-0355,24-May,분당,폐수 방류량,390.1,천 m3,온실가스,Scope 1
ERP-2024-0356,24-May,서울,폐수 방류량,426.8,천 m3,온실가스,Scope 1
ERP-2024-0357,24-Jun,이천,폐수 방류량,"3,179.70",천 m3,온실가스,Scope 1
ERP-2024-0358,24-Jun,청주,폐수 방류량,"3,052.60",천 m3,온실가스,Scope 1
ERP-2024-0359,24-Jun,분당,폐수 방류량,230.4,천 m3,온실가스,Scope 1
ERP-2024-0360,24-Jun,서울,폐수 방류량,215.1,천 m3,온실가스,Scope 1
ERP-2024-0361,24-Jul,이천,폐수 방류량,"2,521.80",천 m3,온실가스,Scope 1
ERP-2024-0362,24-Jul,청주,폐수 방류량,"3,359.40",천 m3,온실가스,Scope 1
ERP-2024-0363,24-Jul,분당,폐수 방류량,336.7,천 m3,온실가스,Scope 1
ERP-2024-0364,24-Jul,서울,폐수 방류량,385.8,천 m3,온실가스,Scope 1
ERP-2024-0365,24-Aug,이천,폐수 방류량,"3,989.70",천 m3,온실가스,Scope 1
ERP-2024-0366,24-Aug,청주,폐수 방류량,"3,018.40",천 m3,온실가스,Scope 1
ERP-2024-0367,24-Aug,분당,폐수 방류량,342.7,천 m3,온실가스,Scope 1
ERP-2024-0368,24-Aug,서울,폐수 방류량,253.8,천 m3,온실가스,Scope 1
ERP-2024-0369,24-Sep,이천,폐수 방류량,"2,514.10",천 m3,온실가스,Scope 1
ERP-2024-0370,24-Sep,청주,폐수 방류량,"3,222.50",천 m3,온실가스,Scope 1
ERP-2024-0371,24-Sep,분당,폐수 방류량,335,천 m3,온실가스,Scope 1
ERP-2024-0372,24-Sep,서울,폐수 방류량,445.9,천 m3,온실가스,Scope 1
ERP-2024-0373,24-Oct,이천,폐수 방류량,"3,916.80",천 m3,온실가스,Scope 1
ERP-2024-0374,24-Oct,청주,폐수 방류량,"2,921.40",천 m3,온실가스,Scope 1
ERP-2024-0375,24-Oct,분당,폐수 방류량,377.9,천 m3,온실가스,Scope 1
ERP-2024-0376,24-Oct,서울,폐수 방류량,174.2,천 m3,온실가스,Scope 1
ERP-2024-0377,24-Nov,이천,폐수 방류량,"3,785.70",천 m3,온실가스,Scope 1
ERP-2024-0378,24-Nov,청주,폐수 방류량,"3,962.10",천 m3,온실가스,Scope 1
ERP-2024-0379,24-Nov,분당,폐수 방류량,363.5,천 m3,온실가스,Scope 1
ERP-2024-0380,24-Nov,서울,폐수 방류량,408.9,천 m3,온실가스,Scope 1
ERP-2024-0381,24-Dec,이천,폐수 방류량,"3,753.20",천 m3,온실가스,Scope 1
ERP-2024-0382,24-Dec,청주,폐수 방류량,"3,485.50",천 m3,온실가스,Scope 1
ERP-2024-0383,24-Dec,분당,폐수 방류량,354.1,천 m3,온실가스,Scope 1
ERP-2024-0384,24-Dec,서울,폐수 방류량,367.9,천 m3,온실가스,Scope 1
ERP-2024-0385,24-Jan,이천,전력,238.5,GWh,온실가스,Scope 2
ERP-2024-0386,24-Jan,청주,전력,201.3,GWh,온실가스,Scope 2
ERP-2024-0387,24-Jan,분당,전력,140.1,GWh,온실가스,Scope 2
ERP-2024-0388,24-Jan,서울,전력,139.4,GWh,온실가스,Scope 2
ERP-2024-0389,24-Feb,이천,전력,205,GWh,온실가스,Scope 2
ERP-2024-0390,24-Feb,청주,전력,170.2,GWh,온실가스,Scope 2
ERP-2024-0391,24-Feb,분당,전력,256.3,GWh,온실가스,Scope 2
ERP-2024-0392,24-Feb,서울,전력,112.3,GWh,온실가스,Scope 2
ERP-2024-0393,24-Mar,이천,전력,122.4,GWh,온실가스,Scope 2
ERP-2024-0394,24-Mar,청주,전력,227,GWh,온실가스,Scope 2
ERP-2024-0395,24-Mar,분당,전력,149.9,GWh,온실가스,Scope 2
ERP-2024-0396,24-Mar,서울,전력,227.3,GWh,온실가스,Scope 2
ERP-2024-0397,24-Apr,이천,전력,188.6,GWh,온실가스,Scope 2
ERP-2024-0398,24-Apr,청주,전력,155.3,GWh,온실가스,Scope 2
ERP-2024-0399,24-Apr,분당,전력,113.8,GWh,온실가스,Scope 2
ERP-2024-0400,24-Apr,서울,전력,176.2,GWh,온실가스,Scope 2
ERP-2024-0401,24-May,이천,전력,145,GWh,온실가스,Scope 2
ERP-2024-0402,24-May,청주,전력,253.6,GWh,온실가스,Scope 2
ERP-2024-0403,24-May,분당,전력,172.3,GWh,온실가스,Scope 2
ERP-2024-0404,24-May,서울,전력,128.8,GWh,온실가스,Scope 2
ERP-2024-0405,24-Jun,이천,전력,251.6,GWh,온실가스,Scope 2
ERP-2024-0406,24-Jun,청주,전력,116.1,GWh,온실가스,Scope 2
ERP-2024-0407,24-Jun,분당,전력,221.2,GWh,온실가스,Scope 2
ERP-2024-0408,24-Jun,서울,전력,241.1,GWh,온실가스,Scope 2
ERP-2024-0409,24-Jul,이천,전력,154.7,GWh,온실가스,Scope 2
ERP-2024-0410,24-Jul,청주,전력,161.5,GWh,온실가스,Scope 2
ERP-2024-0411,24-Jul,분당,전력,110.2,GWh,온실가스,Scope 2
ERP-2024-0412,24-Jul,서울,전력,192.2,GWh,온실가스,Scope 2
ERP-2024-0413,24-Aug,이천,전력,223.3,GWh,온실가스,Scope 2
ERP-2024-0414,24-Aug,청주,전력,205.9,GWh,온실가스,Scope 2
ERP-2024-0415,24-Aug,분당,전력,227.9,GWh,온실가스,Scope 2
ERP-2024-0416,24-Aug,서울,전력,212.4,GWh,온실가스,Scope 2
ERP-2024-0417,24-Sep,이천,전력,149.6,GWh,온실가스,Scope 2
ERP-2024-0418,24-Sep,청주,전력,132.6,GWh,온실가스,Scope 2
ERP-2024-0419,24-Sep,분당,전력,168,GWh,온실가스,Scope 2
ERP-2024-0420,24-Sep,서울,전력,180.3,GWh,온실가스,Scope 2
ERP-2024-0421,24-Oct,이천,전력,183.9,GWh,온실가스,Scope 2
ERP-2024-0422,24-Oct,청주,전력,186.3,GWh,온실가스,Scope 2
ERP-2024-0423,24-Oct,분당,전력,264,GWh,온실가스,Scope 2
ERP-2024-0424,24-Oct,서울,전력,201.5,GWh,온실가스,Scope 2
ERP-2024-0425,24-Nov,이천,전력,112,GWh,온실가스,Scope 2
ERP-2024-0426,24-Nov,청주,전력,204.8,GWh,온실가스,Scope 2
ERP-2024-0427,24-Nov,분당,전력,196.4,GWh,온실가스,Scope 2
ERP-2024-0428,24-Nov,서울,전력,245.6,GWh,온실가스,Scope 2
ERP-2024-0429,24-Dec,이천,전력,233.4,GWh,온실가스,Scope 2
ERP-2024-0430,24-Dec,청주,전력,182.7,GWh,온실가스,Scope 2
ERP-2024-0431,24-Dec,분당,전력,248.9,GWh,온실가스,Scope 2
ERP-2024-0432,24-Dec,서울,전력,109.6,GWh,온실가스,Scope 2
ERP-2024-0433,24-Jan,이천,스팀,257631,GJ,온실가스,Scope 2
ERP-2024-0434,24-Jan,청주,스팀,161987,GJ,온실가스,Scope 2
ERP-2024-0435,24-Jan,분당,스팀,30995,GJ,온실가스,Scope 2
ERP-2024-0436,24-Jan,서울,스팀,14054,GJ,온실가스,Scope 2
ERP-2024-0437,24-Feb,이천,스팀,135131,GJ,온실가스,Scope 2
ERP-2024-0438,24-Feb,청주,스팀,144930,GJ,온실가스,Scope 2
ERP-2024-0439,24-Feb,분당,스팀,29826,GJ,온실가스,Scope 2
ERP-2024-0440,24-Feb,서울,스팀,12687,GJ,온실가스,Scope 2
ERP-2024-0441,24-Mar,이천,스팀,232870,GJ,온실가스,Scope 2
ERP-2024-0442,24-Mar,청주,스팀,136128,GJ,온실가스,Scope 2
ERP-2024-0443,24-Mar,분당,스팀,29970,GJ,온실가스,Scope 2
ERP-2024-0444,24-Mar,서울,스팀,13120,GJ,온실가스,Scope 2
ERP-2024-0445,24-Apr,이천,스팀,231425,GJ,온실가스,Scope 2
ERP-2024-0446,24-Apr,청주,스팀,137996,GJ,온실가스,Scope 2
ERP-2024-0447,24-Apr,분당,스팀,28816,GJ,온실가스,Scope 2
ERP-2024-0448,24-Apr,서울,스팀,12736,GJ,온실가스,Scope 2
ERP-2024-0449,24-May,이천,스팀,260281,GJ,온실가스,Scope 2
ERP-2024-0450,24-May,청주,스팀,159623,GJ,온실가스,Scope 2
ERP-2024-0451,24-May,분당,스팀,28961,GJ,온실가스,Scope 2
ERP-2024-0452,24-May,서울,스팀,14347,GJ,온실가스,Scope 2
ERP-2024-0453,24-Jun,이천,스팀,253144,GJ,온실가스,Scope 2
ERP-2024-0454,24-Jun,청주,스팀,156848,GJ,온실가스,Scope 2
ERP-2024-0455,24-Jun,분당,스팀,33129,GJ,온실가스,Scope 2
ERP-2024-0456,24-Jun,서울,스팀,13165,GJ,온실가스,Scope 2
ERP-2024-0457,24-Jul,이천,스팀,261090,GJ,온실가스,Scope 2
ERP-2024-0458,24-Jul,청주,스팀,161805,GJ,온실가스,Scope 2
ERP-2024-0459,24-Jul,분당,스팀,32142,GJ,온실가스,Scope 2
ERP-2024-0460,24-Jul,서울,스팀,12616,GJ,온실가스,Scope 2
ERP-2024-0461,24-Aug,이천,스팀,230137,GJ,온실가스,Scope 2
ERP-2024-0462,24-Aug,청주,스팀,159016,GJ,온실가스,Scope 2
ERP-2024-0463,24-Aug,분당,스팀,32176,GJ,온실가스,Scope 2
ERP-2024-0464,24-Aug,서울,스팀,12283,GJ,온실가스,Scope 2
ERP-2024-0465,24-Sep,이천,스팀,238359,GJ,온실가스,Scope 2
ERP-2024-0466,24-Sep,청주,스팀,154545,GJ,온실가스,Scope 2
ERP-2024-0467,24-Sep,분당,스팀,29054,GJ,온실가스,Scope 2
ERP-2024-0468,24-Sep,서울,스팀,13001,GJ,온실가스,Scope 2
ERP-2024-0469,24-Oct,이천,스팀,220434,GJ,온실가스,Scope 2
ERP-2024-0470,24-Oct,청주,스팀,166830,GJ,온실가스,Scope 2
ERP-2024-0471,24-Oct,분당,스팀,32593,GJ,온실가스,Scope 2
ERP-2024-0472,24-Oct,서울,스팀,12438,GJ,온실가스,Scope 2
ERP-2024-0473,24-Nov,이천,스팀,233308,GJ,온실가스,Scope 2
ERP-2024-0474,24-Nov,청주,스팀,149568,GJ,온실가스,Scope 2
ERP-2024-0475,24-Nov,분당,스팀,29139,GJ,온실가스,Scope 2
ERP-2024-0476,24-Nov,서울,스팀,13489,GJ,온실가스,Scope 2
ERP-2024-0477,24-Dec,이천,스팀,249508,GJ,온실가스,Scope 2
ERP-2024-0478,24-Dec,청주,스팀,153693,GJ,온실가스,Scope 2
ERP-2024-0479,24-Dec,분당,스팀,29516,GJ,온실가스,Scope 2
ERP-2024-0480,24-Dec,서울,스팀,14126,GJ,온실가스,Scope 2
ERP-2024-0481,24-Jan,이천,공업용수 취수량,2612,천 m3,수자원,Input
ERP-2024-0482,24-Jan,청주,공업용수 취수량,2328,천 m3,수자원,Input
ERP-2024-0483,24-Jan,분당,공업용수 취수량,2473,천 m3,수자원,Input
ERP-2024-0484,24-Jan,서울,공업용수 취수량,2083,천 m3,수자원,Input
ERP-2024-0485,24-Feb,이천,공업용수 취수량,2294,천 m3,수자원,Input
ERP-2024-0486,24-Feb,청주,공업용수 취수량,2220,천 m3,수자원,Input
ERP-2024-0487,24-Feb,분당,공업용수 취수량,2133,천 m3,수자원,Input
ERP-2024-0488,24-Feb,서울,공업용수 취수량,2761,천 m3,수자원,Input
ERP-2024-0489,24-Mar,이천,공업용수 취수량,2783,천 m3,수자원,Input
ERP-2024-0490,24-Mar,청주,공업용수 취수량,2104,천 m3,수자원,Input
ERP-2024-0491,24-Mar,분당,공업용수 취수량,2147,천 m3,수자원,Input
ERP-2024-0492,24-Mar,서울,공업용수 취수량,2315,천 m3,수자원,Input
ERP-2024-0493,24-Apr,이천,공업용수 취수량,2115,천 m3,수자원,Input
ERP-2024-0494,24-Apr,청주,공업용수 취수량,2437,천 m3,수자원,Input
ERP-2024-0495,24-Apr,분당,공업용수 취수량,2261,천 m3,수자원,Input
ERP-2024-0496,24-Apr,서울,공업용수 취수량,2548,천 m3,수자원,Input
ERP-2024-0497,24-May,이천,공업용수 취수량,2481,천 m3,수자원,Input
ERP-2024-0498,24-May,청주,공업용수 취수량,2205,천 m3,수자원,Input
ERP-2024-0499,24-May,분당,공업용수 취수량,2394,천 m3,수자원,Input
ERP-2024-0500,24-May,서울,공업용수 취수량,2217,천 m3,수자원,Input
ERP-2024-0501,24-Jun,이천,공업용수 취수량,2253,천 m3,수자원,Input
ERP-2024-0502,24-Jun,청주,공업용수 취수량,2574,천 m3,수자원,Input
ERP-2024-0503,24-Jun,분당,공업용수 취수량,2274,천 m3,수자원,Input
ERP-2024-0504,24-Jun,서울,공업용수 취수량,2635,천 m3,수자원,Input
ERP-2024-0505,24-Jul,이천,공업용수 취수량,2694,천 m3,수자원,Input
ERP-2024-0506,24-Jul,청주,공업용수 취수량,2286,천 m3,수자원,Input
ERP-2024-0507,24-Jul,분당,공업용수 취수량,2057,천 m3,수자원,Input
ERP-2024-0508,24-Jul,서울,공업용수 취수량,2149,천 m3,수자원,Input
ERP-2024-0509,24-Aug,이천,공업용수 취수량,2176,천 m3,수자원,Input
ERP-2024-0510,24-Aug,청주,공업용수 취수량,2262,천 m3,수자원,Input
ERP-2024-0511,24-Aug,분당,공업용수 취수량,2512,천 m3,수자원,Input
ERP-2024-0512,24-Aug,서울,공업용수 취수량,2456,천 m3,수자원,Input
ERP-2024-0513,24-Sep,이천,공업용수 취수량,2407,천 m3,수자원,Input
ERP-2024-0514,24-Sep,청주,공업용수 취수량,2061,천 m3,수자원,Input
ERP-2024-0515,24-Sep,분당,공업용수 취수량,2349,천 m3,수자원,Input
ERP-2024-0516,24-Sep,서울,공업용수 취수량,2738,천 m3,수자원,Input
ERP-2024-0517,24-Oct,이천,공업용수 취수량,2308,천 m3,수자원,Input
ERP-2024-0518,24-Oct,청주,공업용수 취수량,2495,천 m3,수자원,Input
ERP-2024-0519,24-Oct,분당,공업용수 취수량,2198,천 m3,수자원,Input
ERP-2024-0520,24-Oct,서울,공업용수 취수량,2072,천 m3,수자원,Input
ERP-2024-0521,24-Nov,이천,공업용수 취수량,2038,천 m3,수자원,Input
ERP-2024-0522,24-Nov,청주,공업용수 취수량,2354,천 m3,수자원,Input
ERP-2024-0523,24-Nov,분당,공업용수 취수량,2674,천 m3,수자원,Input
ERP-2024-0524,24-Nov,서울,공업용수 취수량,2368,천 m3,수자원,Input
ERP-2024-0525,24-Dec,이천,공업용수 취수량,2526,천 m3,수자원,Input
ERP-2024-0526,24-Dec,청주,공업용수 취수량,2539,천 m3,수자원,Input
ERP-2024-0527,24-Dec,분당,공업용수 취수량,2426,천 m3,수자원,Input
ERP-2024-0528,24-Dec,서울,공업용수 취수량,2189,천 m3,수자원,Input
ERP-2024-0529,24-Jan,이천,용수 재이용량,"1,512.00",천 m3,수자원,Recycle
ERP-2024-0530,24-Jan,청주,용수 재이용량,"1,228.00",천 m3,수자원,Recycle
ERP-2024-0531,24-Jan,분당,용수 재이용량,"1,487.00",천 m3,수자원,Recycle
ERP-2024-0532,24-Jan,서울,용수 재이용량,"1,183.00",천 m3,수자원,Recycle
ERP-2024-0533,24-Feb,이천,용수 재이용량,"1,294.00",천 m3,수자원,Recycle
ERP-2024-0534,24-Feb,청주,용수 재이용량,"1,561.00",천 m3,수자원,Recycle
ERP-2024-0535,24-Feb,분당,용수 재이용량,"1,086.00",천 m3,수자원,Recycle
ERP-2024-0536,24-Feb,서울,용수 재이용량,"1,661.00",천 m3,수자원,Recycle
ERP-2024-0537,24-Mar,이천,용수 재이용량,"1,683.00",천 m3,수자원,Recycle
ERP-2024-0538,24-Mar,청주,용수 재이용량,"1,104.00",천 m3,수자원,Recycle
ERP-2024-0539,24-Mar,분당,용수 재이용량,"1,468.00",천 m3,수자원,Recycle
ERP-2024-0540,24-Mar,서울,용수 재이용량,"1,215.00",천 m3,수자원,Recycle
ERP-2024-0541,24-Apr,이천,용수 재이용량,"1,115.00",천 m3,수자원,Recycle
ERP-2024-0542,24-Apr,청주,용수 재이용량,"1,337.00",천 m3,수자원,Recycle
ERP-2024-0543,24-Apr,분당,용수 재이용량,"1,221.00",천 m3,수자원,Recycle
ERP-2024-0544,24-Apr,서울,용수 재이용량,"1,448.00",천 m3,수자원,Recycle
ERP-2024-0545,24-May,이천,용수 재이용량,"1,381.00",천 m3,수자원,Recycle
ERP-2024-0546,24-May,청주,용수 재이용량,"1,205.00",천 m3,수자원,Recycle
ERP-2024-0547,24-May,분당,용수 재이용량,"1,394.00",천 m3,수자원,Recycle
ERP-2024-0548,24-May,서울,용수 재이용량,"1,117.00",천 m3,수자원,Recycle
ERP-2024-0549,24-Jun,이천,용수 재이용량,"1,253.00",천 m3,수자원,Recycle
ERP-2024-0550,24-Jun,청주,용수 재이용량,"1,474.00",천 m3,수자원,Recycle
ERP-2024-0551,24-Jun,분당,용수 재이용량,"1,615.00",천 m3,수자원,Recycle
ERP-2024-0552,24-Jun,서울,용수 재이용량,"1,535.00",천 m3,수자원,Recycle
ERP-2024-0553,24-Jul,이천,용수 재이용량,"1,594.00",천 m3,수자원,Recycle
ERP-2024-0554,24-Jul,청주,용수 재이용량,"1,286.00",천 m3,수자원,Recycle
ERP-2024-0555,24-Jul,분당,용수 재이용량,"1,157.00",천 m3,수자원,Recycle
ERP-2024-0556,24-Jul,서울,용수 재이용량,"1,149.00",천 m3,수자원,Recycle
ERP-2024-0557,24-Aug,이천,용수 재이용량,"1,176.00",천 m3,수자원,Recycle
ERP-2024-0558,24-Aug,청주,용수 재이용량,"1,603.00",천 m3,수자원,Recycle
ERP-2024-0559,24-Aug,분당,용수 재이용량,"1,412.00",천 m3,수자원,Recycle
ERP-2024-0560,24-Aug,서울,용수 재이용량,"1,356.00",천 m3,수자원,Recycle
ERP-2024-0561,24-Sep,이천,용수 재이용량,"1,307.00",천 m3,수자원,Recycle
ERP-2024-0562,24-Sep,청주,용수 재이용량,"1,161.00",천 m3,수자원,Recycle
ERP-2024-0563,24-Sep,분당,용수 재이용량,"1,249.00",천 m3,수자원,Recycle
ERP-2024-0564,24-Sep,서울,용수 재이용량,"1,638.00",천 m3,수자원,Recycle
ERP-2024-0565,24-Oct,이천,용수 재이용량,"1,649.00",천 m3,수자원,Recycle
ERP-2024-0566,24-Oct,청주,용수 재이용량,"1,395.00",천 m3,수자원,Recycle
ERP-2024-0567,24-Oct,분당,용수 재이용량,"1,198.00",천 m3,수자원,Recycle
ERP-2024-0568,24-Oct,서울,용수 재이용량,"1,172.00",천 m3,수자원,Recycle
ERP-2024-0569,24-Nov,이천,용수 재이용량,"1,138.00",천 m3,수자원,Recycle
ERP-2024-0570,24-Nov,청주,용수 재이용량,"1,254.00",천 m3,수자원,Recycle
ERP-2024-0571,24-Nov,분당,용수 재이용량,"1,574.00",천 m3,수자원,Recycle
ERP-2024-0572,24-Nov,서울,용수 재이용량,"1,268.00",천 m3,수자원,Recycle
ERP-2024-0573,24-Dec,이천,용수 재이용량,"1,426.00",천 m3,수자원,Recycle
ERP-2024-0574,24-Dec,청주,용수 재이용량,"1,439.00",천 m3,수자원,Recycle
ERP-2024-0575,24-Dec,분당,용수 재이용량,"1,326.00",천 m3,수자원,Recycle
ERP-2024-0576,24-Dec,서울,용수 재이용량,"1,189.00",천 m3,수자원,Recycle
ERP-2024-0577,24-Jan,이천,폐수 방류량,"3,500.00",천 m3,수자원,Output
ERP-2024-0578,24-Jan,청주,폐수 방류량,"3,411.00",천 m3,수자원,Output
ERP-2024-0579,24-Jan,분당,폐수 방류량,412,천 m3,수자원,Output
ERP-2024-0580,24-Jan,서울,폐수 방류량,523,천 m3,수자원,Output
ERP-2024-0581,24-Feb,이천,폐수 방류량,"3,550.00",천 m3,수자원,Output
ERP-2024-0582,24-Feb,청주,폐수 방류량,"3,390.00",천 m3,수자원,Output
ERP-2024-0583,24-Feb,분당,폐수 방류량,445,천 m3,수자원,Output
ERP-2024-0584,24-Feb,서울,폐수 방류량,572,천 m3,수자원,Output
ERP-2024-0585,24-Mar,이천,폐수 방류량,"3,490.00",천 m3,수자원,Output
ERP-2024-0586,24-Mar,청주,폐수 방류량,"3,350.00",천 m3,수자원,Output
ERP-2024-0587,24-Mar,분당,폐수 방류량,450,천 m3,수자원,Output
ERP-2024-0588,24-Mar,서울,폐수 방류량,549,천 m3,수자원,Output
ERP-2024-0589,24-Apr,이천,폐수 방류량,"3,510.00",천 m3,수자원,Output
ERP-2024-0590,24-Apr,청주,폐수 방류량,"3,380.00",천 m3,수자원,Output
ERP-2024-0591,24-Apr,분당,폐수 방류량,482,천 m3,수자원,Output
ERP-2024-0592,24-Apr,서울,폐수 방류량,529,천 m3,수자원,Output
ERP-2024-0593,24-May,이천,폐수 방류량,"3,480.00",천 m3,수자원,Output
ERP-2024-0594,24-May,청주,폐수 방류량,"3,370.00",천 m3,수자원,Output
ERP-2024-0595,24-May,분당,폐수 방류량,408,천 m3,수자원,Output
ERP-2024-0596,24-May,서울,폐수 방류량,504,천 m3,수자원,Output
ERP-2024-0597,24-Jun,이천,폐수 방류량,"3,530.00",천 m3,수자원,Output
ERP-2024-0598,24-Jun,청주,폐수 방류량,"3,360.00",천 m3,수자원,Output
ERP-2024-0599,24-Jun,분당,폐수 방류량,427,천 m3,수자원,Output
ERP-2024-0600,24-Jun,서울,폐수 방류량,515,천 m3,수자원,Output
ERP-2024-0601,24-Jul,이천,폐수 방류량,"3,540.00",천 m3,수자원,Output
ERP-2024-0602,24-Jul,청주,폐수 방류량,"3,340.00",천 m3,수자원,Output
ERP-2024-0603,24-Jul,분당,폐수 방류량,441,천 m3,수자원,Output
ERP-2024-0604,24-Jul,서울,폐수 방류량,558,천 m3,수자원,Output
ERP-2024-0605,24-Aug,이천,폐수 방류량,"3,470.00",천 m3,수자원,Output
ERP-2024-0606,24-Aug,청주,폐수 방류량,"3,330.00",천 m3,수자원,Output
ERP-2024-0607,24-Aug,분당,폐수 방류량,448,천 m3,수자원,Output
ERP-2024-0608,24-Aug,서울,폐수 방류량,554,천 m3,수자원,Output
ERP-2024-0609,24-Sep,이천,폐수 방류량,"3,520.00",천 m3,수자원,Output
ERP-2024-0610,24-Sep,청주,폐수 방류량,"3,320.00",천 m3,수자원,Output
ERP-2024-0611,24-Sep,분당,폐수 방류량,485,천 m3,수자원,Output
ERP-2024-0612,24-Sep,서울,폐수 방류량,526,천 m3,수자원,Output
ERP-2024-0613,24-Oct,이천,폐수 방류량,"3,460.00",천 m3,수자원,Output
ERP-2024-0614,24-Oct,청주,폐수 방류량,"3,310.00",천 m3,수자원,Output
ERP-2024-0615,24-Oct,분당,폐수 방류량,451,천 m3,수자원,Output
ERP-2024-0616,24-Oct,서울,폐수 방류량,566,천 m3,수자원,Output
ERP-2024-0617,24-Nov,이천,폐수 방류량,"3,300.00",천 m3,수자원,Output
ERP-2024-0618,24-Nov,청주,폐수 방류량,"3,250.00",천 m3,수자원,Output
ERP-2024-0619,24-Nov,분당,폐수 방류량,421,천 m3,수자원,Output
ERP-2024-0620,24-Nov,서울,폐수 방류량,518,천 m3,수자원,Output
ERP-2024-0621,24-Dec,이천,폐수 방류량,"3,240.00",천 m3,수자원,Output
ERP-2024-0622,24-Dec,청주,폐수 방류량,"3,230.00",천 m3,수자원,Output
ERP-2024-0623,24-Dec,분당,폐수 방류량,416,천 m3,수자원,Output
ERP-2024-0624,24-Dec,서울,폐수 방류량,527,천 m3,수자원,Output
ERP-2024-0625,24-Jan,이천,일반폐기물 발생량,4281,ton,폐기물,Output
ERP-2024-0626,24-Jan,청주,일반폐기물 발생량,3908,ton,폐기물,Output
ERP-2024-0627,24-Jan,분당,일반폐기물 발생량,3572,ton,폐기물,Output
ERP-2024-0628,24-Jan,서울,일반폐기물 발생량,3964,ton,폐기물,Output
ERP-2024-0629,24-Feb,이천,일반폐기물 발생량,3862,ton,폐기물,Output
ERP-2024-0630,24-Feb,청주,일반폐기물 발생량,4417,ton,폐기물,Output
ERP-2024-0631,24-Feb,분당,일반폐기물 발생량,3725,ton,폐기물,Output
ERP-2024-0632,24-Feb,서울,일반폐기물 발생량,4528,ton,폐기물,Output
ERP-2024-0633,24-Mar,이천,일반폐기물 발생량,4574,ton,폐기물,Output
ERP-2024-0634,24-Mar,청주,일반폐기물 발생량,3472,ton,폐기물,Output
ERP-2024-0635,24-Mar,분당,일반폐기물 발생량,4189,ton,폐기물,Output
ERP-2024-0636,24-Mar,서울,일반폐기물 발생량,3641,ton,폐기물,Output
ERP-2024-0637,24-Apr,이천,일반폐기물 발생량,3439,ton,폐기물,Output
ERP-2024-0638,24-Apr,청주,일반폐기물 발생량,4215,ton,폐기물,Output
ERP-2024-0639,24-Apr,분당,일반폐기물 발생량,3562,ton,폐기물,Output
ERP-2024-0640,24-Apr,서울,일반폐기물 발생량,3360,ton,폐기물,Output
ERP-2024-0641,24-May,이천,일반폐기물 발생량,3996,ton,폐기물,Output
ERP-2024-0642,24-May,청주,일반폐기물 발생량,3763,ton,폐기물,Output
ERP-2024-0643,24-May,분당,일반폐기물 발생량,3897,ton,폐기물,Output
ERP-2024-0644,24-May,서울,일반폐기물 발생량,3835,ton,폐기물,Output
ERP-2024-0645,24-Jun,이천,일반폐기물 발생량,4351,ton,폐기물,Output
ERP-2024-0646,24-Jun,청주,일반폐기물 발생량,4338,ton,폐기물,Output
ERP-2024-0647,24-Jun,분당,일반폐기물 발생량,3705,ton,폐기물,Output
ERP-2024-0648,24-Jun,서울,일반폐기물 발생량,3623,ton,폐기물,Output
ERP-2024-0649,24-Jul,이천,일반폐기물 발생량,3694,ton,폐기물,Output
ERP-2024-0650,24-Jul,청주,일반폐기물 발생량,3652,ton,폐기물,Output
ERP-2024-0651,24-Jul,분당,일반폐기물 발생량,3678,ton,폐기물,Output
ERP-2024-0652,24-Jul,서울,일반폐기물 발생량,3528,ton,폐기물,Output
ERP-2024-0653,24-Aug,이천,일반폐기물 발생량,4128,ton,폐기물,Output
ERP-2024-0654,24-Aug,청주,일반폐기물 발생량,4091,ton,폐기물,Output
ERP-2024-0655,24-Aug,분당,일반폐기물 발생량,4012,ton,폐기물,Output
ERP-2024-0656,24-Aug,서울,일반폐기물 발생량,3921,ton,폐기물,Output
ERP-2024-0657,24-Sep,이천,일반폐기물 발생량,3811,ton,폐기물,Output
ERP-2024-0658,24-Sep,청주,일반폐기물 발생량,3874,ton,폐기물,Output
ERP-2024-0659,24-Sep,분당,일반폐기물 발생량,4395,ton,폐기물,Output
ERP-2024-0660,24-Sep,서울,일반폐기물 발생량,4462,ton,폐기물,Output
ERP-2024-0661,24-Oct,이천,일반폐기물 발생량,4486,ton,폐기물,Output
ERP-2024-0662,24-Oct,청주,일반폐기물 발생량,3797,ton,폐기물,Output
ERP-2024-0663,24-Oct,분당,일반폐기물 발생량,3486,ton,폐기물,Output
ERP-2024-0664,24-Oct,서울,일반폐기물 발생량,3617,ton,폐기물,Output
ERP-2024-0665,24-Nov,이천,일반폐기물 발생량,3583,ton,폐기물,Output
ERP-2024-0666,24-Nov,청주,일반폐기물 발생량,3397,ton,폐기물,Output
ERP-2024-0667,24-Nov,분당,일반폐기물 발생량,4237,ton,폐기물,Output
ERP-2024-0668,24-Nov,서울,일반폐기물 발생량,4054,ton,폐기물,Output
ERP-2024-0669,24-Dec,이천,일반폐기물 발생량,4047,ton,폐기물,Output
ERP-2024-0670,24-Dec,청주,일반폐기물 발생량,3832,ton,폐기물,Output
ERP-2024-0671,24-Dec,분당,일반폐기물 발생량,3779,ton,폐기물,Output
ERP-2024-0672,24-Dec,서울,일반폐기물 발생량,3748,ton,폐기물,Output
ERP-2024-0673,24-Jan,이천,지정폐기물 발생량,8396,ton,폐기물,Output
ERP-2024-0674,24-Jan,청주,지정폐기물 발생량,9284,ton,폐기물,Output
ERP-2024-0675,24-Jan,분당,지정폐기물 발생량,9605,ton,폐기물,Output
ERP-2024-0676,24-Jan,서울,지정폐기물 발생량,7703,ton,폐기물,Output
ERP-2024-0677,24-Feb,이천,지정폐기물 발생량,6426,ton,폐기물,Output
ERP-2024-0678,24-Feb,청주,지정폐기물 발생량,9317,ton,폐기물,Output
ERP-2024-0679,24-Feb,분당,지정폐기물 발생량,6625,ton,폐기물,Output
ERP-2024-0680,24-Feb,서울,지정폐기물 발생량,8642,ton,폐기물,Output
ERP-2024-0681,24-Mar,이천,지정폐기물 발생량,6159,ton,폐기물,Output
ERP-2024-0682,24-Mar,청주,지정폐기물 발생량,8041,ton,폐기물,Output
ERP-2024-0683,24-Mar,분당,지정폐기물 발생량,9410,ton,폐기물,Output
ERP-2024-0684,24-Mar,서울,지정폐기물 발생량,9037,ton,폐기물,Output
ERP-2024-0685,24-Apr,이천,지정폐기물 발생량,7990,ton,폐기물,Output
ERP-2024-0686,24-Apr,청주,지정폐기물 발생량,6866,ton,폐기물,Output
ERP-2024-0687,24-Apr,분당,지정폐기물 발생량,5485,ton,폐기물,Output
ERP-2024-0688,24-Apr,서울,지정폐기물 발생량,8853,ton,폐기물,Output
ERP-2024-0689,24-May,이천,지정폐기물 발생량,6638,ton,폐기물,Output
ERP-2024-0690,24-May,청주,지정폐기물 발생량,8398,ton,폐기물,Output
ERP-2024-0691,24-May,분당,지정폐기물 발생량,5663,ton,폐기물,Output
ERP-2024-0692,24-May,서울,지정폐기물 발생량,5763,ton,폐기물,Output
ERP-2024-0693,24-Jun,이천,지정폐기물 발생량,9202,ton,폐기물,Output
ERP-2024-0694,24-Jun,청주,지정폐기물 발생량,8168,ton,폐기물,Output
ERP-2024-0695,24-Jun,분당,지정폐기물 발생량,7825,ton,폐기물,Output
ERP-2024-0696,24-Jun,서울,지정폐기물 발생량,5651,ton,폐기물,Output
ERP-2024-0697,24-Jul,이천,지정폐기물 발생량,9129,ton,폐기물,Output
ERP-2024-0698,24-Jul,청주,지정폐기물 발생량,7318,ton,폐기물,Output
ERP-2024-0699,24-Jul,분당,지정폐기물 발생량,5734,ton,폐기물,Output
ERP-2024-0700,24-Jul,서울,지정폐기물 발생량,8590,ton,폐기물,Output
ERP-2024-0701,24-Aug,이천,지정폐기물 발생량,7276,ton,폐기물,Output
ERP-2024-0702,24-Aug,청주,지정폐기물 발생량,7440,ton,폐기물,Output
ERP-2024-0703,24-Aug,분당,지정폐기물 발생량,5934,ton,폐기물,Output
ERP-2024-0704,24-Aug,서울,지정폐기물 발생량,8695,ton,폐기물,Output
ERP-2024-0705,24-Sep,이천,지정폐기물 발생량,5464,ton,폐기물,Output
ERP-2024-0706,24-Sep,청주,지정폐기물 발생량,9504,ton,폐기물,Output
ERP-2024-0707,24-Sep,분당,지정폐기물 발생량,8769,ton,폐기물,Output
ERP-2024-0708,24-Sep,서울,지정폐기물 발생량,8192,ton,폐기물,Output
ERP-2024-0709,24-Oct,이천,지정폐기물 발생량,7728,ton,폐기물,Output
ERP-2024-0710,24-Oct,청주,지정폐기물 발생량,5844,ton,폐기물,Output
ERP-2024-0711,24-Oct,분당,지정폐기물 발생량,6318,ton,폐기물,Output
ERP-2024-0712,24-Oct,서울,지정폐기물 발생량,6900,ton,폐기물,Output
ERP-2024-0713,24-Nov,이천,지정폐기물 발생량,8560,ton,폐기물,Output
ERP-2024-0714,24-Nov,청주,지정폐기물 발생량,6274,ton,폐기물,Output
ERP-2024-0715,24-Nov,분당,지정폐기물 발생량,8179,ton,폐기물,Output
ERP-2024-0716,24-Nov,서울,지정폐기물 발생량,8044,ton,폐기물,Output
ERP-2024-0717,24-Dec,이천,지정폐기물 발생량,8089,ton,폐기물,Output
ERP-2024-0718,24-Dec,청주,지정폐기물 발생량,9720,ton,폐기물,Output
ERP-2024-0719,24-Dec,분당,지정폐기물 발생량,8269,ton,폐기물,Output
ERP-2024-0720,24-Dec,서울,지정폐기물 발생량,9925,ton,폐기물,Output
ERP-2024-0721,24-Jan,이천,폐기물 재활용량,11284,ton,폐기물,Recycle
ERP-2024-0722,24-Jan,청주,폐기물 재활용량,12654,ton,폐기물,Recycle
ERP-2024-0723,24-Jan,분당,폐기물 재활용량,11638,ton,폐기물,Recycle
ERP-2024-0724,24-Jan,서울,폐기물 재활용량,8459,ton,폐기물,Recycle
ERP-2024-0725,24-Feb,이천,폐기물 재활용량,9753,ton,폐기물,Recycle
ERP-2024-0726,24-Feb,청주,폐기물 재활용량,11328,ton,폐기물,Recycle
ERP-2024-0727,24-Feb,분당,폐기물 재활용량,9234,ton,폐기물,Recycle
ERP-2024-0728,24-Feb,서울,폐기물 재활용량,12275,ton,폐기물,Recycle
ERP-2024-0729,24-Mar,이천,폐기물 재활용량,12817,ton,폐기물,Recycle
ERP-2024-0730,24-Mar,청주,폐기물 재활용량,9312,ton,폐기물,Recycle
ERP-2024-0731,24-Mar,분당,폐기물 재활용량,12451,ton,폐기물,Recycle
ERP-2024-0732,24-Mar,서울,폐기물 재활용량,9588,ton,폐기물,Recycle
ERP-2024-0733,24-Apr,이천,폐기물 재활용량,10642,ton,폐기물,Recycle
ERP-2024-0734,24-Apr,청주,폐기물 재활용량,13281,ton,폐기물,Recycle
ERP-2024-0735,24-Apr,분당,폐기물 재활용량,10582,ton,폐기물,Recycle
ERP-2024-0736,24-Apr,서울,폐기물 재활용량,11406,ton,폐기물,Recycle
ERP-2024-0737,24-May,이천,폐기물 재활용량,13495,ton,폐기물,Recycle
ERP-2024-0738,24-May,청주,폐기물 재활용량,10734,ton,폐기물,Recycle
ERP-2024-0739,24-May,분당,폐기물 재활용량,8763,ton,폐기물,Recycle
ERP-2024-0740,24-May,서울,폐기물 재활용량,13179,ton,폐기물,Recycle
ERP-2024-0741,24-Jun,이천,폐기물 재활용량,9118,ton,폐기물,Recycle
ERP-2024-0742,24-Jun,청주,폐기물 재활용량,12059,ton,폐기물,Recycle
ERP-2024-0743,24-Jun,분당,폐기물 재활용량,8722,ton,폐기물,Recycle
ERP-2024-0744,24-Jun,서울,폐기물 재활용량,10832,ton,폐기물,Recycle
ERP-2024-0745,24-Jul,이천,폐기물 재활용량,12136,ton,폐기물,Recycle
ERP-2024-0746,24-Jul,청주,폐기물 재활용량,9776,ton,폐기물,Recycle
ERP-2024-0747,24-Jul,분당,폐기물 재활용량,11192,ton,폐기물,Recycle
ERP-2024-0748,24-Jul,서울,폐기물 재활용량,9624,ton,폐기물,Recycle
ERP-2024-0749,24-Aug,이천,폐기물 재활용량,10977,ton,폐기물,Recycle
ERP-2024-0750,24-Aug,청주,폐기물 재활용량,13542,ton,폐기물,Recycle
ERP-2024-0751,24-Aug,분당,폐기물 재활용량,9764,ton,폐기물,Recycle
ERP-2024-0752,24-Aug,서울,폐기물 재활용량,12543,ton,폐기물,Recycle
ERP-2024-0753,24-Sep,이천,폐기물 재활용량,14028,ton,폐기물,Recycle
ERP-2024-0754,24-Sep,청주,폐기물 재활용량,10391,ton,폐기물,Recycle
ERP-2024-0755,24-Sep,분당,폐기물 재활용량,12983,ton,폐기물,Recycle
ERP-2024-0756,24-Sep,서울,폐기물 재활용량,10491,ton,폐기물,Recycle
ERP-2024-0757,24-Oct,이천,폐기물 재활용량,8386,ton,폐기물,Recycle
ERP-2024-0758,24-Oct,청주,폐기물 재활용량,11526,ton,폐기물,Recycle
ERP-2024-0759,24-Oct,분당,폐기물 재활용량,10216,ton,폐기물,Recycle
ERP-2024-0760,24-Oct,서울,폐기물 재활용량,13726,ton,폐기물,Recycle
ERP-2024-0761,24-Nov,이천,폐기물 재활용량,11743,ton,폐기물,Recycle
ERP-2024-0762,24-Nov,청주,폐기물 재활용량,8881,ton,폐기물,Recycle
ERP-2024-0763,24-Nov,분당,폐기물 재활용량,11847,ton,폐기물,Recycle
ERP-2024-0764,24-Nov,서울,폐기물 재활용량,8947,ton,폐기물,Recycle
ERP-2024-0765,24-Dec,이천,폐기물 재활용량,10065,ton,폐기물,Recycle
ERP-2024-0766,24-Dec,청주,폐기물 재활용량,12901,ton,폐기물,Recycle
ERP-2024-0767,24-Dec,분당,폐기물 재활용량,13602,ton,폐기물,Recycle
ERP-2024-0768,24-Dec,서울,폐기물 재활용량,11968,ton,폐기물,Recycle
ERP-2024-0769,24-Jan,이천,폐기물 매립량,32.4,ton,폐기물,Disposal
ERP-2024-0770,24-Jan,청주,폐기물 매립량,51.3,ton,폐기물,Disposal
ERP-2024-0771,24-Jan,분당,폐기물 매립량,1.4,ton,폐기물,Disposal
ERP-2024-0772,24-Jan,서울,폐기물 매립량,9.2,ton,폐기물,Disposal
ERP-2024-0773,24-Feb,이천,폐기물 매립량,24.8,ton,폐기물,Disposal
ERP-2024-0774,24-Feb,청주,폐기물 매립량,41.2,ton,폐기물,Disposal
ERP-2024-0775,24-Feb,분당,폐기물 매립량,3.7,ton,폐기물,Disposal
ERP-2024-0776,24-Feb,서울,폐기물 매립량,5.1,ton,폐기물,Disposal
ERP-2024-0777,24-Mar,이천,폐기물 매립량,35.6,ton,폐기물,Disposal
ERP-2024-0778,24-Mar,청주,폐기물 매립량,43.4,ton,폐기물,Disposal
ERP-2024-0779,24-Mar,분당,폐기물 매립량,2.8,ton,폐기물,Disposal
ERP-2024-0780,24-Mar,서울,폐기물 매립량,7.6,ton,폐기물,Disposal
ERP-2024-0781,24-Apr,이천,폐기물 매립량,52.1,ton,폐기물,Disposal
ERP-2024-0782,24-Apr,청주,폐기물 매립량,59.7,ton,폐기물,Disposal
ERP-2024-0783,24-Apr,분당,폐기물 매립량,4.3,ton,폐기물,Disposal
ERP-2024-0784,24-Apr,서울,폐기물 매립량,1.9,ton,폐기물,Disposal
ERP-2024-0785,24-May,이천,폐기물 매립량,38.2,ton,폐기물,Disposal
ERP-2024-0786,24-May,청주,폐기물 매립량,44.5,ton,폐기물,Disposal
ERP-2024-0787,24-May,분당,폐기물 매립량,8.1,ton,폐기물,Disposal
ERP-2024-0788,24-May,서울,폐기물 매립량,3.3,ton,폐기물,Disposal
ERP-2024-0789,24-Jun,이천,폐기물 매립량,22.9,ton,폐기물,Disposal
ERP-2024-0790,24-Jun,청주,폐기물 매립량,48.6,ton,폐기물,Disposal
ERP-2024-0791,24-Jun,분당,폐기물 매립량,6.2,ton,폐기물,Disposal
ERP-2024-0792,24-Jun,서울,폐기물 매립량,2.5,ton,폐기물,Disposal
ERP-2024-0793,24-Jul,이천,폐기물 매립량,43.4,ton,폐기물,Disposal
ERP-2024-0794,24-Jul,청주,폐기물 매립량,51.1,ton,폐기물,Disposal
ERP-2024-0795,24-Jul,분당,폐기물 매립량,4.9,ton,폐기물,Disposal
ERP-2024-0796,24-Jul,서울,폐기물 매립량,9.7,ton,폐기물,Disposal
ERP-2024-0797,24-Aug,이천,폐기물 매립량,39.3,ton,폐기물,Disposal
ERP-2024-0798,24-Aug,청주,폐기물 매립량,42.8,ton,폐기물,Disposal
ERP-2024-0799,24-Aug,분당,폐기물 매립량,1.6,ton,폐기물,Disposal
ERP-2024-0800,24-Aug,서울,폐기물 매립량,5.4,ton,폐기물,Disposal
ERP-2024-0801,24-Sep,이천,폐기물 매립량,41.2,ton,폐기물,Disposal
ERP-2024-0802,24-Sep,청주,폐기물 매립량,46.5,ton,폐기물,Disposal
ERP-2024-0803,24-Sep,분당,폐기물 매립량,3.1,ton,폐기물,Disposal
ERP-2024-0804,24-Sep,서울,폐기물 매립량,8.4,ton,폐기물,Disposal
ERP-2024-0805,24-Oct,이천,폐기물 매립량,53.7,ton,폐기물,Disposal
ERP-2024-0806,24-Oct,청주,폐기물 매립량,25.6,ton,폐기물,Disposal
ERP-2024-0807,24-Oct,분당,폐기물 매립량,7.2,ton,폐기물,Disposal
ERP-2024-0808,24-Oct,서울,폐기물 매립량,2.3,ton,폐기물,Disposal
ERP-2024-0809,24-Nov,이천,폐기물 매립량,37.4,ton,폐기물,Disposal
ERP-2024-0810,24-Nov,청주,폐기물 매립량,15.9,ton,폐기물,Disposal
ERP-2024-0811,24-Nov,분당,폐기물 매립량,5.8,ton,폐기물,Disposal
ERP-2024-0812,24-Nov,서울,폐기물 매립량,1.1,ton,폐기물,Disposal
ERP-2024-0813,24-Dec,이천,폐기물 매립량,54.1,ton,폐기물,Disposal
ERP-2024-0814,24-Dec,청주,폐기물 매립량,56.2,ton,폐기물,Disposal
ERP-2024-0815,24-Dec,분당,폐기물 매립량,4.6,ton,폐기물,Disposal
ERP-2024-0816,24-Dec,서울,폐기물 매립량,6.9,ton,폐기물,Disposal
